Model,Val_Accuracy,Test_Accuracy,Precision,Recall,F1_Score
Naive Bayes,0.8431372549019608,0.8673913043478261,0.8688278976089845,0.8673913043478261,0.8669072501802302
